User Input,Chatbot Response,Timestamp
hello,Hi there,2024-09-10 01:21:51
how are you ,My purpose is to assist you,2024-09-10 01:21:57
weather ,"I'm sorry, I cannot provide real-time weather information.",2024-09-10 01:22:20
How do I create a budget,"To make a budget, start by tracking your income and expenses. Then, allocate your income towards essential expenses like rent, food, and bills. Next, allocate some of your income towards savings and debt repayment. Finally, allocate the remainder of your income towards discretionary expenses like entertainment and hobbies.",2024-09-10 01:22:30
Today is a nice weather,"I'm sorry, I cannot provide real-time weather information.",2024-10-03 08:29:52
How's the weather today,"I'm sorry, I cannot provide real-time weather information.",2024-10-03 08:30:47
Hi,Hello,2024-10-03 08:30:56
hello,Hey,2024-12-10 19:27:54
How are you,Hello,2024-12-10 19:28:10
How are you ?,Hi there,2024-12-10 19:28:22
Bye,Take care,2024-12-10 19:29:00
Who are you,My purpose is to assist you,2024-12-10 19:29:26
What is your purpose,I am a chatbot,2024-12-10 19:29:48
What is your purpose,My purpose is to assist you,2024-12-10 19:30:12
Hii,"Gardening tips include choosing the right plants for your climate, watering properly, and using organic fertilizers.",2024-12-10 22:57:28
Hi,Hey,2024-12-10 22:57:40
Hello,Hey,2024-12-10 22:57:53
How are you,Hi there,2024-12-10 22:58:19
How are you,Hello,2024-12-10 22:58:32
How are you,Hello,2024-12-10 22:58:41
How are you,Nothing much,2024-12-10 22:58:55
What's up,Hello,2024-12-10 22:59:11
Hi,Hey,2024-12-10 22:59:56
Hello,Hello,2024-12-10 23:00:04
How are you,Nothing much,2024-12-10 23:00:15
What's up,Hi there,2024-12-10 23:00:30
I appreciate it,No problem,2024-12-10 23:01:03
Thanks a lot,You're welcome,2024-12-10 23:01:26
Thanks a lot,Glad I could help,2024-12-10 23:01:38
Bye,Goodbye,2024-12-10 23:03:58
Bye,Goodbye,2024-12-10 23:04:53
Hi,Hey,2024-12-10 23:09:22
What's your name,You can call me Chatbot.,2024-12-10 23:10:31
Tell me about movies,"As an AI, I don't watch movies, but I can suggest some popular ones like The Shawshank Redemption, Inception, or The Godfather.",2024-12-10 23:11:38
Where is a good place to travel,"I'm just a chatbot, so I don't travel, but there are many beautiful destinations around the world to explore. It depends on your preferences, such as beaches, mountains, historical sites, or bustling cities.",2024-12-10 23:13:57
Tell me about coding,"If you want to start coding, choose a programming language like Python, Java, or JavaScript, and explore online tutorials and courses.",2024-12-10 23:14:53
Bye,Take care,2024-12-10 23:16:10
